variant	job_id	experiment	overrides
effb4_early	532149	efficientnetb4_early_fusion_cauflood	experiment_name=jag26_caut4_effb4_early_s42 seed=42 test=true 
effb4_ma_sum	532150	efficientnetb4_mobilenetv3_cauflood	experiment_name=jag26_caut4_effb4_ma_sum_s42 seed=42 test=true model.encoder.sar_model_name=efficientnet_b4 model.fusion.fusion_type=xattn +model.fusion.xattn_components=spatial+channel +model.fusion.xattn_attention_type=ma +model.fusion.xattn_affinity_order=opt_sar +model.fusion.xattn_align_bias=false +model.alignment_enabled=false +model.alignment_target_weight=0.0 model.alignment_mode=disabled
sam2_early	532151	sam2_early_fusion_cauflood	experiment_name=jag26_caut4_sam2_early_s42 seed=42 test=true 
sam2_ma_sum	532152	sam2_sam2_cauflood	experiment_name=jag26_caut4_sam2_ma_sum_s42 seed=42 test=true model.fusion.fusion_type=xattn +model.fusion.xattn_components=spatial+channel +model.fusion.xattn_attention_type=ma +model.fusion.xattn_affinity_order=opt_sar +model.fusion.xattn_align_bias=false +model.alignment_enabled=false +model.alignment_target_weight=0.0 model.alignment_mode=disabled
dinov3_early	532153	dinov3_early_fusion_cauflood	experiment_name=jag26_caut4_dinov3_early_s42 seed=42 test=true 
effb4_ma_gated	532154	efficientnetb4_mobilenetv3_cauflood	experiment_name=jag26_caut4_effb4_ma_gated_s42 seed=42 test=true model.encoder.sar_model_name=efficientnet_b4 model.fusion.fusion_type=xattn +model.fusion.xattn_components=spatial+channel +model.fusion.xattn_attention_type=ma +model.fusion.xattn_affinity_order=opt_sar +model.fusion.xattn_align_bias=false +model.alignment_enabled=false +model.alignment_target_weight=0.0 model.alignment_mode=disabled +model.fusion.xattn_component_fusion=gated
sam2_ma_gated	532155	sam2_sam2_cauflood	experiment_name=jag26_caut4_sam2_ma_gated_s42 seed=42 test=true model.fusion.fusion_type=xattn +model.fusion.xattn_components=spatial+channel +model.fusion.xattn_attention_type=ma +model.fusion.xattn_affinity_order=opt_sar +model.fusion.xattn_align_bias=false +model.alignment_enabled=false +model.alignment_target_weight=0.0 model.alignment_mode=disabled +model.fusion.xattn_component_fusion=gated
r50_ma_gated	532156	resnet50_resnet50_cauflood	experiment_name=jag26_caut4_r50_ma_gated_s42 seed=42 test=true model.fusion.fusion_type=xattn +model.fusion.xattn_components=spatial+channel +model.fusion.xattn_attention_type=ma +model.fusion.xattn_affinity_order=opt_sar +model.fusion.xattn_align_bias=false +model.alignment_enabled=false +model.alignment_target_weight=0.0 model.alignment_mode=disabled +model.fusion.xattn_component_fusion=gated
dinov3_ma_gated	532157	dinov3_dinov3_cauflood	experiment_name=jag26_caut4_dinov3_ma_gated_s42 seed=42 test=true model.fusion.fusion_type=xattn +model.fusion.xattn_components=spatial+channel +model.fusion.xattn_attention_type=ma +model.fusion.xattn_affinity_order=opt_sar +model.fusion.xattn_align_bias=false +model.alignment_enabled=false +model.alignment_target_weight=0.0 model.alignment_mode=disabled +model.fusion.xattn_component_fusion=gated
