dataset	experiment	checkpoint	job_id
KuroSiwo	mobilenetv3_kurosiwo	logs/mobilenetv3_kurosiwo_2025-11-25_23-29-35/checkpoints/water_iou_0.6954.ckpt	499209
KuroSiwo	efficientnetb4_kurosiwo	logs/efficientnetb4_kurosiwo_2025-11-25_23-29-35/checkpoints/water_iou_0.6919.ckpt	499210
KuroSiwo	resnet50_kurosiwo	logs/resnet50_kurosiwo_2025-11-25_23-29-34/checkpoints/water_iou_0.7122.ckpt	499211
KuroSiwo	dinov3_kurosiwo	logs/dinov3_kurosiwo_2025-11-25_23-29-25/checkpoints/water_iou_0.7155.ckpt	499212
KuroSiwo	sam2_kurosiwo	logs/sam2_kurosiwo_2025-11-25_23-29-34/checkpoints/water_iou_0.7060.ckpt	499213
WorldFloodsv2	mobilenetv3_worldfloodsv2	logs/mobilenetv3_worldfloodsv2_2025-11-26_01-04-13/checkpoints/water_iou_0.9031.ckpt	499214
WorldFloodsv2	efficientnetb4_worldfloodsv2	logs/efficientnetb4_worldfloodsv2_2025-11-05_19-54-55/checkpoints/water_iou_0.9013.ckpt	499215
WorldFloodsv2	dinov3_worldfloodsv2	logs/dinov3_worldfloodsv2_2025-11-26_21-13-59/checkpoints/water_iou_0.9088.ckpt	499216
WorldFloodsv2	efficientnetb4_worldfloodsv2	logs/efficientnetb4_worldfloodsv2_2025-11-05_19-54-55/checkpoints/water_iou_0.9013.ckpt	499258
